ID,SKU,"Item Name",Category,UOM,"Quantity On Hand (edit here)","Reorder Level (edit here)","Max Stock Level (edit here)"
900,71981,"COPERTURA BIANCO VANIGLA (WHITE CHOCOLATE COATING VANILLA) T01",,g,,,
899,71980,"COPERTURA FRAGOLA COUVERTURE",,g,1,,
892,71973,"ICED TEA LEMON FLAVOURED",,g,1,,
903,71984,"LEMON ICED TEA",,pcs,1,,
885,71966,"LEMON JUICE",,ml,1,,
884,71965,"LIME JUICE",,ml,1,,
887,71968,"MANGO FRUIT",,pcs,1,,
898,71979,"NOCCIOLA SELECTION PASTA",,g,1,,
894,71975,"PASTA CREMA BACI",,g,1,,
895,71976,"PASTA CREMA BACI (OK)",,g,,,
896,71977,"PASTA MANGO ALPHONSO",,g,,,
897,71978,"PASTA PANNA COTTA",,g,1,,
893,71974,"PEACH HEART",,cu,,,
875,69626,STRAWBERRY,,g,1,,
883,71964,"STRAWBERRY SYRUP",,ml,1,,
888,71969,"TINY STARS TOPPING",,spn,,,
904,71985,"VARIEGATURA NOCCIOLATA",,g,,,
16,68713,"2 DOORS DEEP FREEZER",asset,pcs,1,,
20,68718,"3DOORS DEEP FREEZER",asset,pcs,1000,,
21,68719,"4 DOORS REFRIGERATOR",asset,pcs,1000,,
25,68725,"ACRYLIC STAND",asset,pcs,1000,,
28,68735,"ALUMINIUM NON STICK MILK POT",asset,pcs,1000,,
839,68771,"BAY LEAVE",asset,g,1,100,
161,68935,"CHOCOLATE MELTING MACHINE",asset,pcs,1000,,
187,68978,"COMMERCIAL HEALTH BLENDER",asset,pcs,1000,,
211,69008,"CRAFT KNIFE",asset,pcs,1000,,
217,69021,"CRISPY WAFFLE MACHINE",asset,pcs,1000,,
226,69033,"CUTTER EMBOSSER",asset,pk,1000,,
234,69043,"DEEP FREEZER",asset,pcs,1000,,
249,69058,"DOUBLE DOOR FRIDGE",asset,pcs,1000,,
250,69059,"DOUBLE ESPRESSOR CERAMIC CUP",asset,pcs,1000,,
258,69073,"ELECTRIC DIFFUSER",asset,pcs,1000,,
277,69102,"FLY CATCHER",asset,pcs,1000,,
281,69110,"FOOD MIXER MACHINE",asset,pcs,1000,,
292,69123,"FROST MILK JUG",asset,pcs,1000,,
301,69134,"GAS BURNER MACHINE",asset,pcs,1000,,
302,69135,"GAS GRIDDLE (FLAT PLATE) MACHINE",asset,pcs,1000,,
303,69136,"GAS PIZZA OVEN",asset,pcs,1000,,
304,69137,"GAS RANGE WITH 4 BURNER WITH GAS OVEN",asset,pcs,1000,,
365,69233,"ICE CREAM PAN WITH COMPRESSOR",asset,pcs,1000,,
366,69235,"ICE CREAM SOFTSERVE MACHINE",asset,pcs,1000,,
614,69633,"ICE CRUSHER BLENDER",asset,pcs,1000,,
373,69245,"IMPULSE SEALER",asset,pcs,1000,,
841,69281,"KNOR MAGGI SEASONING (CHICKEN&BEEF)",asset,g,4000,1200,
422,69329,"MEASURING SCALE",asset,pcs,1000,,
427,69335,"MICKEY MOUSE WAFER MAKER",asset,pcs,1000,,
428,69336,"MICRO WAVE MACHINE",asset,pcs,1000,,
429,69337,"MICROWAVE OVEN SAFE",asset,pcs,1000,,
244,69053,"MINI DISPLAY CABINET",asset,pcs,1000,,
439,69353,"MODELING TOOLS",asset,pk,1000,,
442,69364,"MULTI-FUNCTION FILM SEALING MACHINE",asset,pcs,1000,,
451,69382,"OFFICE DIFFUCER",asset,pcs,1000,,
461,69394,"ORGANIC BREW TEA POT WARMER",asset,pcs,1000,,
462,69397,"OVEN GLOVE",asset,pcs,1000,,
482,69427,"PASTA GAS COOKER WITH CABINET",asset,pcs,1000,,
511,69473,"PLASTIC BUCKET FOR KITCHEN",asset,pcs,1000,,
556,69553,"SANTA PHONE",asset,pcs,1000,,
580,69587,"SMALL KITCHEN OVEN",asset,pcs,1000,,
581,69588,"SMALL OVEN",asset,pcs,1000,,
584,69593,"SOAP DISPENCER",asset,pcs,1000,,
594,69607,"SQUEEZE DISHER",asset,pcs,1000,,
600,69614,"STAINLESS BOWL",asset,pcs,1000,,
602,69617,"STAND MIXER",asset,pcs,1000,,
603,69618,"STANDS FOR OUTDOOR SERVICE",asset,pcs,1000,,
639,69676,"TOWEL WARMER",asset,pcs,1000,,
642,69681,"TRIPOD STAND",asset,pcs,1000,,
657,69751,UMBRELLA,asset,pcs,1000,,
676,69787,"VEGETABLE CUTTER MACHINE",asset,pcs,1000,,
679,69790,"VEGETABLE PEELER",asset,pcs,1000,,
683,69795,"WAFFLE CONE MACHINE",asset,pcs,1000,,
685,69797,"WAFLE BAKER MACHINE",asset,pcs,1000,,
691,69805,"WATER PUSHER",asset,pcs,1000,,
94,68837,"BRANDED TAKEOUT BAG BIG WITH HANDLE",bag,pcs,1000,,
59,68774,"BEEF FILLET",beef,g,1000,,
276,69100,"FLOUR & SUGAR BIN",bin,pcs,1000,,
687,69799,"WASTE BIN BUCKET",bin,pcs,1000,,
63,68783,"BIG TORTILLA BREAD",bread,pcs,1001,,
201,68995,"CORN TORTILLA",bread,g,1000,,
415,69317,"MARGARINE BUTTER (PASTRY)",butter,g,1001,,
421,69328,MAYONNAISE,butter,g,1001,,
432,69342,"PORTION BUTTER",butter,g,1000,,
530,69502,"PUFF PASTRY MARGARINE",butter,g,1000,,
658,69753,"UNSALTED BUTTER",butter,g,1001,,
731,70304,"SHORT SPARKLING CANDLE",cake,pcs,1000,,
223,69030,"CUP CAKE BOX (UNBRANDED)",cake_box,pcs,1000,,
222,69029,"CUP CAKE BOX OF 3",cake_box,pk,1000,,
44,68753,"BAKING POWDER",cake_ingredient,g,1000,,
45,68754,"BAKING SODA",cake_ingredient,g,1001,,
858,70556,"BOREHOLE WATER",cake_ingredient,cl,0,,
864,70630,"MACARON PRODUCTION (WIP)",cake_ingredient,pcs,0,,
75,68812,"BIRTHDAY TOPPER",cake_topper,g,1000,,
210,69005,"COTTON CANDY CONE",candy,pcs,1000,,
275,69099,"FLOSSY SUGAR (CANDY COTTON)",candy,spn,1000,,
440,69357,"MOZZARELLA CHEESE",cheese,g,1001,,
472,69410,"PARMESSAN CHEESE",cheese,g,1001,,
510,69472,"PLAIN CHEDDAR CHEESE",cheese,g,1000,,
577,69582,"SLICE CHEESE",cheese,pcs,1000,,
144,68910,"CHICKEN FILLET",chicken,g,1001,,
145,68911,"CHICKEN LAP",chicken,g,1001,,
146,68912,"CHICKEN WING",chicken,g,1001,,
162,68936,"CHOCOLATE MILK POWDER",chocolate,g,1000,,
164,68940,"CHOCOLATE STICK",chocolate,g,1000,,
229,69037,"DARK CHOCOLATE CHIP",chocolate,g,1001,,
361,69228,"HOT CHOCOLATE",chocolate,g,1000,,
430,69338,"MILK CHOCOLATE BLOCK",chocolate,g,1000,,
294,69125,"FRUIT COCKTAIL",cocktail,g,1000,,
371,69242,"COFFEE BEAN CAFFEINATED",coffee,g,1000,,
372,69243,"COFFEE BEAN DECAF",coffee,g,1000,,
790,70777,"DECAF SPANISH LATTE",coffee,g,0,,
374,69246,"IRISH COFFEE PASTE",coffee,g,1000,,
24,68724,"A-4 PAPER",consumable,pk,1000,,
26,68733,"AIR FRESHNER",consumable,btl,1000,,
43,68752,"BAKING PAPER (PARCHMENT PAPER)",consumable,pcs,1,500,
47,68756,"BAMBOO SKEWER (100PCS)",consumable,pk,1000,,
48,68759,"BAMBOO SKEWER (BBQ STCK)",consumable,pk,1000,,
90,68832,"BRANDED SERVIETTE",consumable,pcs,1000,,
110,68859,"CAKE CANDLE",consumable,pcs,1001,,
115,68865,"CAKE WRAP",consumable,ro,1000,,
134,68898,CELOTAPE,consumable,pcs,1000,,
142,68908,"CHEF HAND GLOVE",consumable,pcs,1000,,
168,68946,"CHOPPING BOARD",consumable,pcs,1000,,
171,68949,"CLING FILM",consumable,ro,1001,,
176,68955,"COCKROACH KILLER",consumable,pcs,1000,,
184,68975,"COFFEE STIRRER",consumable,pk,1000,,
191,68983,"COOKIES FROM KITCHEN",consumable,pcs,1000,,
194,68986,"COOKING SPRAY",consumable,pcs,1000,,
204,68999,"CORNER STORE MOUTH CLEANER",consumable,pcs,1000,,
207,69002,"CORNER STORE TAMPER SEAL",consumable,pcs,1000,,
209,69004,"CORRECTION PEN",consumable,pcs,1000,,
232,69041,"DD FORCE",consumable,btl,1000,,
239,69048,DETERGENT,consumable,g,1001,,
251,69060,"DOUGH CLOTH",consumable,pcs,1000,,
255,69068,"EDIBLE REJUVINATING SPIRIT",consumable,ml,1000,,
256,69069,"EDIBLE SILVER BEAD",consumable,cp,1000,,
265,69086,"FINGER BATTERY",consumable,pcs,1000,,
273,69096,"FLORA WIRE",consumable,pcs,1000,,
274,69098,"FLORY TAPE",consumable,pcs,1000,,
278,69105,"FOIL PAPER",consumable,ro,1001,,
279,69106,"FOIL PLATE (SMALL)",consumable,pcs,1000,,
280,69107,"FOIL PLATE BIG (ACTIVE)",consumable,pcs,1000,,
309,69146,"GHADEER NATURAL GHEE",consumable,g,1000,,
319,69162,"GOLD DUST",consumable,g,300,100,
339,69191,"GUN LIGHTER",consumable,pcs,1001,,
344,69197,"HAIR NET",consumable,pk,1000,,
351,69209,"HAND GLOVE",consumable,pk,1000,,
352,69210,"HAND SANITIZER",consumable,ml,1000,,
353,69211,"HAND TOWEL",consumable,pcs,1001,,
354,69214,HARPIC,consumable,btl,1000,,
360,69222,HINCHES,consumable,pcs,1000,,
363,69230,"HYPO LIQUID",consumable,pcs,1000,,
377,69254,"IRON SPONGE",consumable,pcs,1001,,
378,69260,"KETCHUP DIPS",consumable,pk,1000,,
403,69299,"LIQUID SOAP",consumable,ml,1000,,
416,69318,"MARKER PEN",consumable,pcs,1000,,
419,69324,"MASKING TAPE",consumable,pcs,1000,,
447,69376,"NORDIC ICE BRICK",consumable,pcs,1000,,
448,69377,"NOSE MASK",consumable,pcs,1000,,
449,69378,"NOTE BOOK",consumable,pcs,1001,,
453,69384,"OFFICE FLAT FILE",consumable,pcs,1001,,
463,69399,PADLOCK,consumable,pcs,1000,,
468,69406,"PAPER STRAW",consumable,pk,1000,,
491,69441,"PASTRY BRUSH",consumable,pcs,1000,,
496,69452,PEN,consumable,pk,1000,,
500,69458,PICKER,consumable,pcs,1000,,
519,69481,"PLASTIC RACK",consumable,pcs,1000,,
522,69485,"PLASTIC STRAW",consumable,pk,1000,,
523,69486,"PLASTIC TAKEAWAY PLATE",consumable,pcs,1000,,
535,69524,"RAZOR BLADE",consumable,pcs,1000,,
546,69538,RIBBON,consumable,pcs,1000,,
548,69542,"RUBBER BAND",consumable,pk,1000,,
554,69551,SANADUE,consumable,g,1000,,
562,69560,SCISSORS,consumable,pcs,1000,,
563,69563,"SCRUBBING BRUSH",consumable,pcs,1000,,
566,69567,SERVIETTE,consumable,pcs,1000,,
585,69594,"SOFT(NET) SPONGE",consumable,pcs,1000,,
604,69620,"STAPLING PIN",consumable,pk,1000,,
606,69622,STENCIL,consumable,pcs,1000,,
613,69632,"SUPER GLUE",consumable,pcs,1000,,
616,69636,"SWEEPING BROOM",consumable,pcs,1000,,
617,69637,"SWEEPING BRUSH",consumable,pcs,1000,,
621,69642,"SWEETTOOTH TAMPER SEAL",consumable,pcs,1000,,
629,69653,"TESTER SPOON",consumable,pk,1000,,
630,69658,"THERMAL PAPER",consumable,pcs,1000,,
633,69668,TISSUE,consumable,pcs,1000,,
637,69674,TOOTHPICK,consumable,pk,1000,,
638,69675,"TOP GUM",consumable,pcs,1000,,
640,69678,"TRAY FOIL PLATE",consumable,pcs,1000,,
644,69685,"TURNING STICK",consumable,pcs,1000,,
645,69686,"TWINE ROPE",consumable,pcs,1000,,
655,69748,"TWIST NYLON TIE",consumable,pk,1000,,
659,69754,"URINAL BLOCK",consumable,pcs,1000,,
680,69792,VIM,consumable,pcs,1000,,
684,69796,"WAFFLE CONE SLEEVES",consumable,ro,1000,,
708,69826,"WOODEN DOWEL ROD",consumable,pk,1000,,
714,69847,"ZIP LOC (BIG)",consumable,pcs,1000,,
715,69848,"ZIPLOC (SMALL)",consumable,pcs,1000,,
534,69523,"RAW CORN",corn,g,1001,,
618,69639,"SWEET CORN",corn,g,1000,,
692,69807,"WHIPPING CREAM",cream,g,1000,,
95,68839,"BRANDED TAKEOUT PLASTIC CUP (CORNER STORE)",cup,ro,1000,,
112,68861,"CAKE CUPS BY 6",cup,pcs,1000,,
111,68860,"CAKE PAPER CUP",cup,pk,1000,,
119,68876,"CAPUCCINO CUP",cup,pcs,1000,,
136,68900,"CERAMIC FACE-LIKE CUP",cup,pcs,1000,,
137,68901,"CERAMIC KETCHUP DIP CUP",cup,pcs,1000,,
177,68957,"COCKTAIL GLASS CUP",cup,pcs,1000,,
203,68998,"CORNER STORE COFFEE CUP COVER",cup,pcs,200,100,
208,69003,"CORNERSTORE BRANDED PAPER  COFFEE CUP",cup,ro,1000,,
236,69045,"DESSERT CUP",cup,pcs,1000,,
318,69161,"GOLD & PINK CUP",cup,pcs,1000,,
424,69331,"MEDIUM ICE CREAM CUP",cup,pcs,1000,,
431,69339,"MILK SHAKE GLASS CUP",cup,pcs,1000,,
466,69403,"PAPER CUP (UNBRANDED)",cup,pcs,1000,,
528,69499,"PROCELAIN CERAMIC CUP",cup,pcs,1000,,
569,69570,"SHORT GLASS CUP",cup,pcs,1000,,
572,69573,"SHOT GLASS CUP",cup,pcs,1000,,
579,69586,"SMALL ICE CREAM CUP",cup,pcs,1000,,
599,69613,"STAFF WATER",cup,bag,1000,,
626,69648,"TEA GLASS CUP",cup,pcs,1000,,
688,69802,"WATER GLASS CUP",cup,pcs,1000,,
40,68749,BAILEYS,drink,ml,3501,,
53,68765,"BARCADI WHITE RUM",drink,ml,1000,,
116,68867,CALYPSO,drink,ml,1001,,
117,68870,"CAN MALT",drink,pcs,1001,,
183,68972,"COFFEE LIQUOR",drink,ml,1000,,
186,68977,"COMINO MOLIDO",drink,pk,1000,,
541,69532,"COOKING WINE",drink,g,1000,,
262,69080,"FAMILY & FRIENDS RED DRY WINE",drink,ml,1000,,
263,69082,"FAMILY & FRIENDS ROSE SWEET WINE",drink,ml,1000,,
287,69117,"FRAISE BARDINET",drink,ml,1000,,
321,69166,"GOLD RUM",drink,ml,1000,,
323,69168,"GORDONS GIN",drink,ml,1000,,
331,69183,GRENADINE,drink,ml,1001,,
392,69283,"LA PAZ RED-WINE",drink,ml,1000,,
400,69296,LIMOCINO,drink,ml,1000,,
435,69347,"MIX TO DRINK BLACK CURRANT",drink,g,1001,,
436,69348,"MIX TO DRINK CHOCOLATE POWDER",drink,g,1000,,
494,69446,"PEACH SCHNAPPS",drink,ml,1001,,
512,69474,"PLASTIC COKE",drink,ml,1001,,
514,69476,"PLASTIC FANTA",drink,ml,1001,,
521,69484,"PLASTIC SPRITE",drink,ml,1001,,
524,69487,"PLASTIC TEEM SODA",drink,ml,1000,,
729,70263,"POWER HORSE",drink,box,3,,
22,68720,"RED WINE",drink,g,1000,,
628,69652,TEQUILA,drink,ml,1000,,
641,69680,"TRIPLE SEC LIQUOR",drink,ml,1000,,
681,69793,VODKA,drink,ml,1000,,
702,69819,"WHITE RUM",drink,ml,1000,,
704,69821,"WHITE WINE",drink,ml,1000,,
39,68748,"BAGUETTE TRAY",dtray,pcs,3,,
677,69788,"VEGETABLE FAT",fat,g,1000,,
697,69814,"WHITE FISH FILLET",fish,g,1000,,
313,69154,"GLAZE CARAMEL",flavour,g,1000,,
459,69391,OREGANO,flavour,g,1000,,
665,69763,"VANILLA EXTRACT",flavour,g,1000,,
27,68734,"ALMOND FLOUR",flour,g,1,1360,
200,68994,"CORN FLOUR",flour,g,1000,,
6,68700,FLOUR,flour,g,201,50000,
738,70571,"WHEAT FLOUR",flour,g,1000,,
698,69815,"WHITE FLOUR",flour,g,1000,,
41,68750,"BAKED BEANS",food_ingredient,g,8301,,
57,68770,"BASIL LEAF",food_ingredient,g,1000,,
58,68772,"BBQ SAUCE",food_ingredient,g,1001,,
78,68816,"BLACK PEPPER POWDER",food_ingredient,g,1001,,
79,68817,"BLACK SEED PEPPER",food_ingredient,g,1001,,
105,68853,"BURGER SLICES",food_ingredient,g,1001,,
109,68858,"CAJUN SPICE SEASONING",food_ingredient,g,1000,,
169,68947,"CINNAMON POWDER",food_ingredient,g,1001,,
173,68951,CLOVES,food_ingredient,pk,1000,,
225,69032,"CURRY POWDER",food_ingredient,g,1000,,
441,69362,MUSHROOM,food_ingredient,g,1001,,
29,68736,"AMARENA BLACKCHERRY",gelato,g,1000,,
31,68738,"AMARENA SUPER FRUTTA BLACKCHERRY (E90)",gelato,g,1000,,
33,68740,"ANANAS 500 CP",gelato,g,1000,,
35,68743,"APPLE POWDER (L25)",gelato,g,1000,,
36,68744,"ARACHIDI PEANUT",gelato,g,1000,,
55,68768,"BASE ALBA",gelato,g,1001,,
56,68769,"BASE PAN",gelato,g,1000,,
76,68813,"BISCOFF SPREAD",gelato,g,1000,,
77,68814,"BISCOTTO BISCUIT (E49)",gelato,g,1000,,
83,68824,"BLUE CREAM (E13)",gelato,g,1000,,
84,68825,"BLUE CURACOA",gelato,ml,1001,,
100,68848,"BUBBLE GUM (E67)",gelato,g,14000,6000,
101,68849,"BUBBLE GUM PASTA (i52)",gelato,g,0,6000,
102,68850,"BUBBLE GUM SAUCE",gelato,g,1000,,
141,68907,"CHEESE CAKE BASE",gelato,g,1000,,
150,68919,"CHOCO - BISCUIT (I52)",gelato,g,1000,,
151,68920,"CHOCO BISCUIT FLAVOURING",gelato,g,1000,,
152,68921,"CHOCO BISCUIT GRAINS (W02)",gelato,g,1000,,
153,68922,"CHOCO BISCUIT RIPPLES",gelato,g,1000,,
156,68926,"CHOCO-COCONUT PASTA (E75)",gelato,g,1000,,
154,68924,"CHOCOBISCOTTO (PASTA E74)",gelato,g,1000,,
155,68925,"CHOCOCOCONUT FLAVOURING PASTE",gelato,g,1000,,
163,68938,"CHOCOLATE SOFTGEL (F18)",gelato,g,1000,,
167,68945,"CHOCORUM PASTA (E10)",gelato,g,1000,,
170,68948,"CIOCUROM PASTA",gelato,g,1000,,
175,68953,"COCCO 500CPU",gelato,g,1000,,
182,68970,"COFFEE 50 (E.07)",gelato,g,1000,,
190,68981,"COOKIES BLACK PASTA",gelato,g,1000,,
193,68985,"COOKIES THE ORIGINAL",gelato,g,1000,,
195,68987,"COPERTURA ALLA NOCCIOLA",gelato,g,1000,,
196,68989,"COPERTURA CARAMELO",gelato,g,1000,,
197,68990,"COPERTURA CHOCOLATE COATING (E12)",gelato,g,1000,,
198,68992,"COPERTURA STRACCIATELA",gelato,g,1000,,
199,68993,"CORIANDER POWDER",gelato,g,1000,,
212,69013,"CREAM CHEESE",gelato,g,1000,,
213,69014,"CREME BRULEE (E85)",gelato,g,1000,,
214,69015,"CREME BRULLE PASTA",gelato,g,1000,,
215,69016,"CREME CACAO (E14)",gelato,g,1000,,
216,69019,"CRIC & CROC BISCUIT",gelato,g,1000,,
246,69055,"DOLCE DE LATTE",gelato,g,1000,,
245,69054,"DOLCE DE LATTE CONCENTRATO",gelato,g,1000,,
248,69057,"DOLCE DI LATTE (E.60)",gelato,g,1000,,
266,69087,FIODIBOSCO,gelato,g,1000,,
267,69088,FIODIFRAGOLA,gelato,g,1000,,
268,69090,FIORDILAMPONE,gelato,g,1000,,
283,69113,"FRAGOLA  500CP",gelato,g,1000,,
284,69114,"FRAGOLA STRAWBERRY FRAISE (F03)",gelato,g,1000,,
285,69115,"FRAGOLA STRAWBERRY FRAISE (L22)",gelato,g,1000,,
286,69116,"FRAGOLA STRAWBERRY FRAISE VARIEGATURA(I11)",gelato,g,1000,,
296,69128,"FRUITTI DI BOSCO",gelato,g,1000,,
297,69129,"FUNKY MALTY",gelato,g,1000,,
326,69172,"GRANELLA CHEESE CAKE",gelato,g,1000,,
327,69173,"GRANELLA-CUKY GRAINS(W04)",gelato,g,1000,,
335,69187,"GUELLA PEANUT",gelato,g,1000,,
336,69188,"GUELLA RUBY",gelato,g,1000,,
355,69216,"HAZELNUT FLAVOUR SYRUP",gelato,g,1000,,
356,69217,"HAZELNUT GRAINS",gelato,g,1000,,
357,69218,"HAZELNUT MILK COATED CHOCOLATE BALLS",gelato,g,1000,,
358,69219,"HAZELNUT SPREAD",gelato,g,1000,,
359,69220,"HAZELNUT TOPPING",gelato,spn,1000,,
382,69265,"KIT COOKIES BLACK",gelato,g,1000,,
383,69266,"KIT GUSTO MASHMELLOW",gelato,g,1000,,
384,69269,"KIT MAMA QUE BUENA",gelato,g,1000,,
385,69270,"KIT MECRAPH",gelato,g,1000,,
386,69271,"KIT MISTER NICO",gelato,g,1000,,
387,69272,"KIT UNICORN",gelato,g,1000,,
389,69274,"KIT WHISKY CREAM",gelato,g,1000,,
393,69284,"LAMPONE RASPBERRY",gelato,g,1000,,
404,69301,"LOTUS BISCOF",gelato,g,1000,,
405,69302,"LOTUS BISCUIT CRUMBLES",gelato,g,1000,,
411,69311,"MANDARINE (L20)",gelato,g,1000,,
413,69315,"MARCARPONE 50",gelato,g,1000,,
844,70202,"MECRAPH GELATO",gelato,g,0,6000,
423,69330,"MECROCK PLUS",gelato,g,1000,,
443,69369,"NERO NERO BLACK",gelato,g,1000,,
445,69373,NOCCIOFLAKES,gelato,g,1000,,
446,69375,"NOCCIOLATA PASTA (E.57)",gelato,g,1000,,
450,69379,NUTELLA,gelato,g,1000,,
465,69402,"PANNA COTTA FLAVOURING PASTE (E69)",gelato,g,1000,,
492,69442,"PANNA COTTA PASTA",gelato,g,1000,,
475,69413,"PASTA & SALAD CERAMIC BOWL",gelato,pcs,1000,,
474,69412,"PASTA AZZURRO CIELO",gelato,g,1000,,
476,69416,"PASTA BISCOTTINO",gelato,g,1000,,
477,69418,"PASTA CAFFEE CONCENTRATA",gelato,g,1000,,
478,69420,"PASTA CARAMEL",gelato,g,1000,,
479,69423,"PASTA CREMA CACAO",gelato,g,1000,,
480,69425,"PASTA FRENCH VANILLA",gelato,g,1000,,
481,69426,"PASTA FRUITTI BOSCO",gelato,g,1000,,
483,69428,"PASTA MALAGA",gelato,g,1000,,
484,69431,"PASTA PISTACHIO SELECTION",gelato,g,1000,,
485,69432,"PASTA SCROK",gelato,cu,1000,,
747,70604,"PASTA TIRAMISU",gelato,g,1000,,
486,69435,"PASTA VANIGLIA DELICIOUS",gelato,g,1000,,
487,69436,"PASTA VANIGLIA REGINA",gelato,g,1000,,
488,69437,"PASTA VANILLA BOURBON",gelato,g,1000,,
489,69438,"PASTA VANILLA DELICIOUS",gelato,g,1000,,
490,69439,"PASTA WAFERS",gelato,g,1000,,
493,69445,"PEACH MELOCOTO (L28)",gelato,g,1000,,
499,69456,"PESCA CP 500",gelato,g,1000,,
507,69467,"PISTACHIO CREAM",gelato,cu,1000,,
508,69468,"PISTACHIO SYRUP",gelato,g,1000,,
842,69519,"QUELLA CRUNCHY",gelato,g,0,10000,
736,70566,"QUELLA PEANUT",gelato,g,1000,,
847,70491,"QUELLA RUBY",gelato,g,0,6000,
549,69543,RUBICONE,gelato,g,1000,,
552,69548,"SALTED BUTTER CARAMEL",gelato,g,1000,,
553,69549,"SALTY CARAMEL CREME",gelato,g,1000,,
578,69583,"SMACK FLAVOURING (E36)",gelato,g,1000,,
588,69598,SPATULA,gelato,pcs,1000,,
589,69599,SPEKULOOS,gelato,g,1000,,
595,69608,"STAB HAZELNUT (E35)",gelato,g,1000,,
608,69625,"STRAWBERRY FOR (SOFTSERVE)",gelato,g,1000,,
609,69627,"STRAWBERRY MANTYGEL",gelato,g,1000,,
610,69628,"STRAWBERRY RIPPLES",gelato,g,1000,,
632,69667,"TIRAMISU PASTA (E.55)",gelato,g,1000,,
660,69756,"VAMOLA (LIQUID)",gelato,g,1000,,
861,70567,"VAMOLA VARIEGATO",gelato,g,0,,
661,69759,"VAMOLA WHITE BIANCO (I93)",gelato,g,1000,,
662,69760,"VANILLA  50 (FLAVOURING PASTE) - E40",gelato,g,1000,,
663,69761,"VANILLA  GELATO(F02)",gelato,g,1000,,
664,69762,"VANILLA AS (F17) SOFTSEWRVE",gelato,g,1000,,
666,69764,"VANILLA FLAVOUR SYRUP",gelato,g,1000,,
667,69768,"VANILLA WHISKY CREAM",gelato,g,1000,,
668,69769,"VARIEGATO AMARENA BLACKBERRY",gelato,g,1000,,
860,70565,"VARIEGATO AMARENA GRIOTTE",gelato,g,0,6000,
669,69772,"VARIEGATO CHOCOBISCOTTO",gelato,g,1000,,
670,69776,"VARIEGATO DOLCE DI LATTE",gelato,g,1000,,
671,69777,"VARIEGATO HONEY COMB",gelato,g,1000,,
848,70505,"VARIEGATO MECRAPH",gelato,g,0,6000,
672,69778,"VARIEGATO NOCCIOLATA (I55)",gelato,g,1000,,
673,69779,"VARIEGATO PER CREME BRULEE",gelato,g,1000,,
674,69781,"VARIEGATO TIRAMISU",gelato,g,1000,,
675,69784,"VARIEGATO WAFERS",gelato,g,1000,,
693,69810,"WHISKY PASTE",gelato,g,1000,,
694,69811,"WHITE CHOCOLATE PASTA (E59)",gelato,g,1000,,
705,69822,"WILDBERRIES (E.72)",gelato,g,1000,,
394,69285,"LATTE GLASS (WITH HANDLE)",glass,pcs,1000,,
504,69462,"PINEAPPLE GLASS",glass,pcs,1000,,
570,69571,"SHORT GLASS TUMBLER",glass,pcs,1000,,
689,69803,"WATER GLASS LONG (400ML)",glass,pcs,1000,,
690,69804,"WATER GLASS SHORT (200ML)",glass,pcs,1000,,
706,69824,"WINE GLASS",glass,pcs,1000,,
739,70572,CIOCCOMANIA,ice_cream,g,1000,,
734,70396,"VARIEGATO IMAMA QUE BUENA",ice_cream,cu,1000,,
730,70282,"RASPBERRY ICED TEA",iced_tea,pcs,0,,
82,68823,"BLUE CHERRY JAM",jam,g,1000,,
86,68827,"STRAWBERRY JAM",jam,g,1000,,
139,68905,"CHAPMAN JAR",jar,pcs,1000,,
748,70605,"ORANGE JUICE",juice,g,1001,,
505,69463,"PINEAPPLE JUICE",juice,ml,1000,,
379,69261,"KETCHUP TOMATOE SACHET",ketchup,g,1000,,
634,69671,"TOMATO KETCHUP",ketchup,g,1000,,
228,69035,"COOKING CREAM",kitchen_ingredient,g,1000,,
221,69028,"CUMMING POWDER",kitchen_ingredient,g,1000,,
242,69051,"DIJON MUSTARD",kitchen_ingredient,g,1000,,
311,69149,"GINGER POWDER",kitchen_ingredient,pk,1000,,
312,69150,"GINGER, ONION, GARLIC SEASONING",kitchen_ingredient,g,1000,,
314,69155,GLOVES,kitchen_ingredient,pk,1000,,
324,69170,"GOURMET BURGER",kitchen_ingredient,g,1000,,
325,69171,"GRAN GOURMENT",kitchen_ingredient,ml,1000,,
454,69385,"OLIVE OIL",kitchen_ingredient,ml,1001,,
455,69387,"ONION POWDER",kitchen_ingredient,g,1001,,
470,69408,"PAPRIKA POWDER",kitchen_ingredient,g,1001,,
536,69525,"REAL BALSAMIC VINEGAR",kitchen_ingredient,ml,1000,,
550,69544,"SALAD CREAM",kitchen_ingredient,g,1001,,
568,69569,"SESAME SEED",kitchen_ingredient,g,1000,,
643,69683,"TUMERIC POWDER",kitchen_ingredient,g,1000,,
701,69818,"WHITE PEPPER POWDER",kitchen_ingredient,g,1000,,
703,69820,"WHITE VINEGAR",kitchen_ingredient,ml,1000,,
135,68899,"CERAMIC DIPPING SAUCE BOWL",kitchen_tool,pcs,1000,,
180,68965,"COCONUT MILK",milk,g,1000,,
189,68980,"CONDENSED MILK",milk,ml,1000,,
726,70224,"OAT MILK",milk,ml,1001,,
495,69447,"PEAK MILK",milk,ml,1001,,
526,69494,"POWDERED MILK",milk,g,1001,,
656,69749,"UHT MILK",milk,g,1000,,
567,69568,"SESAME OIL",oil,ml,1001,,
678,69789,"VEGETABLE OIL",oil,ml,1000,,
834,71190,"BAGUETTE BREAD PACK",pack,pk,400,100,
364,69231,"ICE BLOCK NYLON",pack,pk,1000,,
406,69303,"LUNCH PACK",pack,pcs,1000,,
520,69483,"PLASTIC SALAD BOWL",pack,pcs,1000,,
525,69490,"POP CORN PACK (UNBRANDED)",pack,pcs,1000,,
583,69590,"SNACK PACK",pack,pcs,1000,,
49,68760,"BANANA BREAD NYLON",packing,pk,1000,,
50,68761,"BANANA BREAD PACK",packing,pcs,500,200,
62,68782,"BIG ICE CREAM CUP",packing,pcs,1000,,
73,68809,"BIN BAG",packing_bag,pcs,1001,,
88,68830,"BRANDED PAPER BAG",packing_bag,pcs,1000,,
89,68831,"BRANDED POP CORN PACK",packing_bag,pcs,1000,,
557,69554,"SANTANA NYLON",packing_bag,pk,1000,,
619,69640,"SWEETTOOTH BRANDED NYLON",packing_bag,pk,1000,,
624,69645,"TAKEOUT BAG (UNBRANDED)",packing_bag,pcs,1000,,
12,68708,"12 INCHES CAKE BOX",packing_box,pcs,0,,
14,68710,"14 INCHES CAKE BOX",packing_box,pcs,1338,,
61,68777,"BENTO BOX",packing_box,pcs,1000,,
104,68852,"BURGER BOX",packing_box,pcs,1000,,
114,68864,"CAKE PACK",packing_box,pcs,1000,,
252,69061,"DOUGHNUT BOX (UNBRANDED)",packing_box,g,1001,,
289,69119,"FRENCH FRIES PACK (UNBRANDED)",packing_box,pk,1000,,
298,69130,"GABLE BOX",packing_box,pcs,1000,,
410,69309,"MACRON BOX",packing_box,pcs,1000,,
509,69469,"PIZZA BOX",packing_box,pcs,1000,,
575,69579,"SINGLE CUP CAKE BOX",packing_box,g,12,,
409,69307,MACARONI,pasta,g,1000,,
737,70568,"PASTA MAMA QUE BUENA",pasta,g,1000,,
497,69453,"PENNE PASTA",pasta,g,1000,,
564,69565,"SEMOLA PASTA",pasta,g,1000,,
565,69566,SEMOLINA,pasta,g,1000,,
587,69597,SPAGHETI,pasta,g,1000,,
434,69344,"MINT PASTE",paste,g,1001,,
635,69672,"TOMATO PASTE",paste,g,1000,,
9,68705,"10 INCHES CAKE PAN",pastry,pcs,0,,
272,69094,"FLAKE ALMOND",pastry,g,1000,,
158,68929,"CHOCOLATE BLOCK WHITE",pastry_ingredient,g,1000,,
174,68952,CMC,pastry_ingredient,g,1000,,
178,68961,"COCOA POWDER",pastry_ingredient,g,1000,,
157,68928,"DARK CHOCOLATE BLOCK",pastry_ingredient,g,1001,,
240,69049,"DIGESTIVE BISCUIT",pastry_ingredient,g,1001,,
241,69050,"DIGESTIVE POWDER",pastry_ingredient,g,1000,,
247,69056,"DOLCE DE LECHE (PASTRY)",pastry_ingredient,g,1000,,
253,69063,"DRIED MIXED FRUIT",pastry_ingredient,g,1001,,
254,69066,"EDIBLE GOLD BEAD",pastry_ingredient,cp,1000,,
259,69076,"EMMENTAL CHEESE",pastry_ingredient,g,1000,,
305,69138,"GELATINE LEAF",pastry_ingredient,g,1001,,
306,69139,"GELATINE POWDER",pastry_ingredient,g,1000,,
315,69156,GLUCOSE,pastry_ingredient,g,1000,,
369,69240,"ICING COLOUR",pastry_ingredient,cu,1001,,
408,69306,"MACARON MIX",pastry_ingredient,g,1000,,
181,68967,"OREO POWDER",pastry_ingredient,g,1000,,
686,69798,WALNUT,pastry_ingredient,g,1000,,
533,69521,"RASPBERRY FILLING",pastry_ingredients,g,1000,,
607,69624,"STRAWBERRY FILLING",pastry_ingredients,g,1000,,
695,69812,"WHITE CHOCOLATE BLOCK",pastry_ingredients,g,1000,,
710,69831,"WOODEN ROLLER",pastry_ingredients,pcs,1000,,
752,70609,"PIPPING BAG",pastry_tool,pcs,1000,,
547,69539,"ROLLING PIN",pastry_tools,pcs,1000,,
288,69118,"FRENCH FRIES",potatoes,g,1001,,
38,68747,BACON,protein,g,1,,
257,69070,EGG,protein,pcs,1000,,
269,69091,"FISH BATTER MIX",protein,g,1000,,
271,69093,"FISH SEASONING",protein,g,1001,,
316,69158,"GOAT FILLET",protein,g,1000,,
561,69559,SAUSAGE,protein,pcs,1001,,
233,69042,"TUNA FISH",protein,g,1000,,
788,70770,"18 INCHES CAKE BOARD",raw_material,pcs,1,,
828,71141,"AHMAD LEMON & LIME TWISTED",raw_material,pcs,0,20,
773,70723,"ALMOND MILK",raw_material,g,1,946,
797,70832,"ALMOND SEED",raw_material,g,750,,
778,70732,"APRICOT JAM",raw_material,g,450,,
768,70718,BASKET,raw_material,pcs,0,,
762,70657,"BEEF STEAK",raw_material,g,1,,
814,70917,"BIGELOW GINGER HONEY",raw_material,pcs,1,20,
759,70622,"BIRTHDAY CUTTER",raw_material,pk,1000,,
806,70848,"BOLD SMOKY",raw_material,g,362,181,
765,70666,"BREAD IMPROVER",raw_material,g,1000,,
831,71146,"BREAD PRESERVATIVE",raw_material,g,1,500,
816,70920,"BREAD SOFTENER",raw_material,pk,0,,
769,70719,"CAKE NOZZLE",raw_material,pk,0,,
776,70726,"CERAMIC FLAT BOWL PLATE",raw_material,pcs,14,,
819,71016,"CORN FLAKES",raw_material,g,0,,
763,70661,DATES,raw_material,g,0,,
833,71148,EDC,raw_material,g,0,100,
757,70620,"FOAM SPONGE",raw_material,pcs,1000,,
801,70841,"FOREIGN LEMON",raw_material,g,0,200,
766,70716,"GOLDEN SYRUP",raw_material,g,500,,
822,71102,GRATER,raw_material,pcs,0,,
809,70912,"GUMMY WORM",raw_material,g,0,2000,
779,70751,"HAND WASH",raw_material,btl,0,,
818,70979,"HOISIN SAUCE",raw_material,g,1,200,
837,71957,"KITCHEN SPOON",raw_material,pcs,0,1,
753,70610,"KNOR MAGGI (BEEF & CHICKEN)",raw_material,g,1001,,
823,71108,"LEMON MERIGUE",raw_material,g,0,,
804,70846,LEMONADE,raw_material,g,0,,
793,70827,"LOCAL DRY CHILLI PEPPER",raw_material,g,0,,
835,71210,MAGAZINE,raw_material,pcs,0,10,
774,70724,MASCARPONE,raw_material,g,0,,
832,71147,"MILK FLAVOUR",raw_material,g,1,100,
771,70721,"MOLASSE SYRUP",raw_material,g,1000,,
767,70717,"MOPPING STICK",raw_material,pcs,1,,
785,70763,"MR CHEF SEASONING",raw_material,pk,0,,
783,70761,NUTMEG,raw_material,g,0,,
789,70774,"PASSION FRUIT PURÉE",raw_material,g,1000,,
826,71111,"PASTA ANANAS",raw_material,g,0,6000,
761,70636,"PASTA MECRAPH",raw_material,g,0,,
827,71112,"PASTA MENTA",raw_material,g,0,6000,
802,70842,"PEACH SYRUP",raw_material,g,1,,
751,70608,"POS PAPER",raw_material,pcs,1001,,
800,70839,"RASPBERRY ICED TEA.",raw_material,g,0,3740,
544,69535,"RED VELVET POWDER",raw_material,g,1001,,
836,71211,"RETRACTABLE FLASHLIGHT",raw_material,pcs,0,,
784,70762,"ROSEMARY SPICE",raw_material,g,0,,
742,70595,"SANDWICH PACK",raw_material,pcs,1000,,
787,70765,SIEVE,raw_material,pcs,0,,
786,70764,"SILICON BRUSH",raw_material,pcs,0,,
574,69578,"SILVER PEARL",raw_material,g,1000,,
817,70921,SQUADRON,raw_material,ml,0,1000,
805,70847,"STEAK N CHOP",raw_material,g,0,,
758,70621,"SWEET CHILLI SAUCE",raw_material,g,1000,,
741,70594,TATASHE,raw_material,g,1000,,
792,70785,TOZO,raw_material,g,0,,
810,70913,"TWINING INFUSO",raw_material,pcs,0,20,
829,71142,"TWINING PURE CAMOMILE",raw_material,pcs,0,20,
830,71143,"TWINING PURE PEPPERMINT INFUSO",raw_material,pcs,0,20,
696,69813,"WHITE CHOCOLATE CHIP",raw_material,g,1000,,
755,70612,"WOODEN SPOON",raw_material,pk,1000,,
711,69833,YEAST,raw_material,g,1000,,
811,70914,"YOGI BLUEBERRY SLIM LIFE",raw_material,pcs,0,20,
812,70915,"YOGI CONSTIPATION SUPPORT",raw_material,pcs,0,,
813,70916,"YOGI SUPPORT ANTIOXIDANT",raw_material,pcs,0,20,
506,69465,"PINK SALT",salt,g,1000,,
551,69547,SALT,salt,g,1000,,
744,70597,"CHOCOLATE COATING SAUCE",sauce,g,1000,,
230,69039,"DARK SAUCE",sauce,ml,1000,,
231,69040,"DARK SOY SAUCE",sauce,g,1001,,
270,69092,"FISH SAUCE",sauce,g,1001,,
399,69295,"LIGHT SOY SAUCE",sauce,g,1001,,
537,69526,"REAL CHILLI SAUCE",sauce,btl,1001,,
611,69629,"STRAWBERRY SAUCE",sauce,ml,1000,,
527,69496,PRAWN,sea_food,g,1001,,
573,69574,SHRIMP,sea_food,g,1000,,
540,69531,"RED CHILLI POWDER",seasoning,g,1001,,
560,69557,"SASUN SEASONING",seasoning,g,1000,,
605,69621,"STEAKBURGER SEASONING",seasoning,g,1000,,
615,69635,"SUYA SPICE",seasoning,g,1000,,
91,68833,"BRANDED SERVING TRAY",serve_ware,pcs,1000,,
148,68917,"CHIPS FRYING BASKET",serve_ware,pcs,1000,,
202,68997,"CORNER STORE CERAMIC FOOD PLATE",serve_ware,pcs,1000,,
205,69000,"CORNER STORE SERVING TRAY",serve_ware,pcs,1000,,
206,69001,"CORNER STORE TABLE MAT",serve_ware,pcs,1000,,
237,69046,"DESSERT FORK",serve_ware,pcs,1000,,
238,69047,"DESSERT IRON SPOON",serve_ware,pcs,1000,,
295,69127,"FRUIT JUICE GLASS",serve_ware,pcs,1000,,
367,69237,"ICE SPOON",serve_ware,pcs,1000,,
380,69263,"KISMEF SILVER KNIFE",serve_ware,pcs,1000,,
381,69264,"KISMEF SILVER SPOON",serve_ware,pcs,1000,,
390,69275,"KITCHEN KNIFE",serve_ware,pcs,1000,,
395,69288,"LEATHER MART",serve_ware,pcs,1000,,
471,69409,"PARLET KNIFE",serve_ware,pcs,1000,,
513,69475,"PLASTIC DISPOSABLE TRAY",serve_ware,pcs,1000,,
515,69477,"PLASTIC FORK",serve_ware,pk,1000,,
586,69595,"SOSA CERAMIC PLATE",serve_ware,pcs,1000,,
620,69641,"SWEETTOOTH BRANDED TRAY",serve_ware,pcs,1000,,
627,69649,"TEA SPOON",serve_ware,pcs,1000,,
709,69827,"WOODEN FORK",serve_ware,pk,1000,,
2,68647,"CAN COKE",soft_drinks,pcs,13,,
3,68648,"CAN FANTA",soft_drinks,pcs,10,,
118,68871,"CAN SCHWEEPES TONIC",soft_drinks,pcs,1001,,
4,68649,"CAN SCHWEPPES",soft_drinks,pcs,13,,
5,68650,"CAN SPRITE",soft_drinks,pcs,19,,
140,68906,"CHECKERS CUSTARD",starch,g,1001,,
322,69167,"GOLDEN SELLA PURE (BASMATI RICE)",starch,g,1001,,
464,69401,"PANKO BREAD CRUMBS",starch,g,1000,,
92,68834,"BRANDED SUGAR (BROWN)",sugar,pcs,1000,,
93,68835,"BRANDED SUGAR (WHITE)",sugar,pcs,1000,,
99,68847,"BROWN SUGAR",sugar,g,1000,,
7,68701,"GRANULATED SUGAR",sugar,g,1001,,
370,69241,"ICING SUGAR",sugar,g,1001,,
543,69534,"RED SUGAR FLAIR",sugar,g,1000,,
126,68883,"CARAMEL FLAVOUR SYRUP",syrup,g,1000,,
165,68941,"CHOCOLATE SYRUP",syrup,g,1000,,
412,69313,"MAPLE SYRUP",syrup,g,1001,,
417,69320,"MARPLE SYRUP",syrup,g,1000,,
558,69555,"SAPPERETE KIWI SYRUP",syrup,ml,1000,,
64,68785,"BIGELOW CONSTANT COMMENT",tea,pcs,1001,,
65,68787,"BIGELOW EARL GREY",tea,pcs,1001,,
66,68790,"BIGELOW GINGER PEACH TUMERIC",tea,pcs,1001,,
67,68791,"BIGELOW GREEN TEA  AND GINGER",tea,pcs,1001,,
68,68792,"BIGELOW GREEN TEA CLASSIC",tea,pcs,1001,,
69,68793,"BIGELOW GREEN TEA DECAFFEINATED",tea,pcs,1000,,
717,69899,"BIGELOW GREEN TEA WITH POMEGRANATE",tea,pcs,1001,,
70,68797,"BIGELOW I LOVE LEMON'",tea,pcs,1001,,
71,68798,"BIGELOW LAVENDAR CHAMOMILE",tea,pcs,1001,,
718,69901,"BIGELOW LAVENDER CHAMOMILE",tea,pcs,1000,,
719,69902,"BIGELOW LEMON & GINGER",tea,pcs,1001,,
72,68799,"BIGELOW LEMON AND GINGER TEA",tea,pcs,1000,,
1,68632,"BIGELOW PEPPERMINT",tea,pcs,21,20,
131,68891,"CELESTIAL COUNTRY PEACH PASSION",tea,pcs,1000,,
132,68895,"CELESTIAL MORNING THUNDER",tea,pcs,1000,,
133,68896,"CELESTIAL PEPPERMINT",tea,pcs,1001,,
143,68909,"CHIA SEED",tea,g,1000,,
243,69052,"DIPLOMAT PEPPERMINT",tea,pcs,1000,,
260,69077,"ENGLISH TEA SHOP (LEMON GRASS)",tea,pcs,1001,,
261,69079,"EROS TEA",tea,pcs,1000,,
329,69181,"GREEN TEA POWDER",tea,g,1000,,
340,69192,"H&H CAMOMILE",tea,pcs,1000,,
341,69193,"H&H CAMOMILE & MANUKA HONEY",tea,pcs,1000,,
342,69194,"H&H MATCHA GREEN TEA",tea,pcs,1000,,
343,69195,"H&H NIGHT TIME",tea,pcs,1000,,
345,69199,"HAMPSTEAD EARL GREY",tea,bag,1000,,
722,70129,"HAMPSTEAD EARL GREY",tea,pcs,1000,,
346,69200,"HAMPSTEAD ENGLISH BREAKFAST",tea,pcs,1001,,
347,69201,"HAMPSTEAD GREEN TEA $ MINT",tea,pcs,1001,,
723,70134,"HAMPSTEAD LEMON AND GINGER",tea,pcs,1000,,
348,69205,"HAMPSTEAD PEPPERMINT & SPEARMINT",tea,pcs,1000,,
349,69206,"HAMPSTEAD ROOLBOS",tea,pcs,1000,,
350,69207,"HAMPSTEAD TUMERIC & CINNAMON",tea,pcs,1000,,
745,70599,"HAMPSTEAD WILD ROSEHIP & HIBISCUS",tea,pcs,1001,,
368,69238,"ICE TEA RAPBERRY FLAVOURED TIN",tea,g,1001,,
725,70171,"LEMON AND GINGER INFUSO",tea,pcs,1000,,
402,69298,"LIPTON ICED TEA",tea,g,1001,,
414,69316,"MARCO POLO TEA",tea,pcs,1000,,
420,69325,"MATCHA POWDER",tea,g,1001,,
727,70231,"ORGANIC PU-ERH TEA WITH CHOCOLATE",tea,pcs,1001,,
529,69500,"PU-ERH ORGANIC MINT TEA",tea,pcs,1000,,
531,69516,"PUKKA THREE GINGER TEA",tea,pcs,1000,,
532,69518,"PURE HONEY",tea,g,1000,,
646,69694,"TWINING CHAI",tea,pcs,1000,,
647,69699,"TWINING EARL GREY",tea,pcs,1000,,
648,69706,"TWINING GREEN TEA JASMINE",tea,pcs,1000,,
649,69722,"TWINING PURE GREEN",tea,pcs,1000,,
733,70376,"TWININGS EARL GREY",tea,pcs,1000,,
651,69732,"TWININGS INFUSO ORANGE, MANGO & CINNAMON",tea,pcs,1000,,
652,69738,"TWINNING CHAI TEA",tea,pcs,1000,,
653,69740,"TWINNING ENGLISH BREAKFAST",tea,pcs,1000,,
654,69742,"TWINNING INFUSO LEMON&GINGER",tea,pcs,1000,,
650,69723,"TWINNING PURE PEPPERMINT",tea,pcs,1000,,
712,69839,"YOGI GINGER AND LEMON TEA",tea,pcs,1000,,
713,69843,"YOGI POSITIVE ENERGY",tea,pcs,1000,,
138,68904,"CERAMIC TEA POT FOR ORGANIC BREW",tea_pot,pcs,1000,,
30,68737,"AMARENA BLACKCHERRY TOPPING (N01)",topping,g,1000,,
85,68826,"BLUE PEARL TOPPING",topping,g,0,2000,
902,71983,"CARAMEL SAUCE",topping,g,1,3000,100000
124,68881,"CARAMEL SPREAD",topping,g,1000,,
125,68882,"CARAMEL TOPPING",topping,g,1001,,
166,68942,"CHOCOLATE TOPPING",topping,g,1000,,
220,69027,"CUKY GRAINS",topping,g,1000,,
282,69112,"FRAGOLA  (STRAWBERRY ) TOPPING (I07)",topping,g,1000,,
337,69189,"GUMMY BEAR",topping,g,1000,,
391,69279,"KIWI TOPPING (I08)",topping,g,1000,,
407,69305,"M&S SPECKLED EGG",topping,g,1000,,
418,69322,MASHMELLOW,topping,g,1000,,
460,69392,OREOS,topping,g,1001,,
501,69459,PICKLES,topping,g,1000,,
582,69589,"SMARTIES TOPPING",topping,g,1000,,
592,69605,SPRINKLES,topping,spn,1000,,
593,69606,"SPRINKLES TOPPINGS",topping,g,1000,,
622,69643,"SWEETTOOTH WAFER",topping,pcs,1000,,
625,69646,"TAPIOCA PEARLS",topping,g,1000,,
149,68918,"WAFER ROLLS",topping,pcs,1000,,
682,69794,"WAFER ROLLS",topping,pcs,1000,,
724,70141,"HAZELNUT TOPPING",toppings,spn,1000,,
34,68742,"APPLE FRUIT",vegetable,g,1,500,
37,68746,AVOCADO,vegetable,pcs,1,,
51,68762,"BANANA FRUIT",vegetable,g,1001,,
60,68776,"BELL PEPPER",vegetable,g,1001,,
81,68821,"BLUE BERRY",vegetable,g,1001,,
98,68845,BROCCOLI,vegetable,g,1000,,
107,68856,CABBAGE,vegetable,g,1001,,
128,68886,CARROT,vegetable,g,1001,,
129,68888,CAULIFLOWER,vegetable,g,1001,,
130,68890,CELERY,vegetable,g,1001,,
179,68964,"COCONUT FRUIT",vegetable,pcs,1000,,
219,69026,CUCUMBER,vegetable,g,1000,,
290,69121,"FRESH PEPPER",vegetable,g,1001,,
291,69122,"FRESH TOMATOES",vegetable,g,1001,,
299,69131,GARLIC,vegetable,g,1001,,
300,69132,"GARLIC POWDER",vegetable,g,1001,,
310,69147,GINGER,vegetable,g,1000,,
320,69164,"GOLD LEAVE",vegetable,pcs,1000,,
332,69184,GROUNDNUT,vegetable,g,1001,,
333,69185,"GROUNDNUT BOTTLE",vegetable,btl,1000,,
375,69248,"IRISH POTATO",vegetable,g,1001,,
396,69289,LEEK,vegetable,kg,1001,,
397,69290,LEMON,vegetable,g,1002,,
398,69294,LETTUCE,vegetable,g,1001,,
433,69343,"MINT LEAVE",vegetable,g,1000,,
456,69388,ONIONS,vegetable,g,1000,,
457,69389,ORANGE,vegetable,pcs,1000,,
473,69411,"PARSLEY LEAF",vegetable,g,1000,,
503,69461,"PINEAPPLE FRUIT",vegetable,g,1000,,
538,69528,"RECELLERI MIXED FRUIT",vegetable,g,1000,,
539,69530,"RED CHERRY FRUIT",vegetable,g,1000,,
542,69533,"RED GRAPE",vegetable,g,1001,,
590,69600,SPINACH,vegetable,g,1000,,
591,69603,"SPRING ONIONS",vegetable,g,1000,,
740,70593,"STRAWBERRY FRUIT",vegetable,g,1000,,
631,69659,"THYME LEAVE",vegetable,g,1000,,
699,69816,"WHITE ONIONS",vegetable,g,1000,,
700,69817,"WHITE PEARLS",vegetable,g,1000,,
716,69849,"ZOBO LEAVE",vegetable,g,1000,,
227,69034,"C-WAY WATER",water,g,1000,,
444,69371,"NESTLE WATER",water,btl,1001,,
8,68704,"10 INCHES CAKE BOARD",wip,pcs,6,,
10,68706,"12 INCHES CAKE BOARD",wip,pcs,38,,
13,68709,"14 INCHES CAKE BOARD",wip,pcs,14,,
15,68711,"16 INCHES CAKE BOARD",wip,pcs,9,,
17,68714,"20 INCHES CAKE BOARD",wip,pcs,9,,
18,68716,"22 INCHES CAKE BOARD",wip,pcs,10,,
19,68717,"24 INCHES CAKE BOARD",wip,pcs,24,,
23,68721,"8 INCHES CAKE BOARD",wip,pcs,1001,,
97,68844,"BREAKABLE LONG BOWL",wip,pcs,1000,,
11,68707,"CAKE BOX LOW(UNBRD)",wip,pcs,21,,
576,69580,"SLICE CAKE BOARD",wip,pk,1000,,
596,69609,"STACKING BOARD 10 INCHES",wip,pcs,1000,,
597,69610,"STACKING BOARD 12 INCHES",wip,pcs,1000,,
598,69611,"STACKING BOARD 8 INCHES",wip,pcs,1000,,
601,69616,"STALK SMOOTHER BOARD",wip,pcs,1000,,
293,69124,"FROZEN YOGHURT",yoghurt,g,1000,,
328,69175,"GREEK YOUGHURT",yoghurt,g,1001,,
