"recipe_id","recipe","category","sub_category","quantity","quantity_unit","price","unit_price","unit_cost_raw","ingredients"
"1150","CHRISTMAS CHOCOLATE MOUSSE CAKE (69993)","","","16.00","PCS","₦ 16,179.42","₦ 1,011.21","1011.2138","WHITE FLOUR (69815) (qty:223.3300 G 0.0000% | cost:) | GRANULATED SUGAR (68701) (qty:402.0000 G 0.0000% | cost:) | BAKING SODA (68754) (qty:6.0000 G 0.0000% | cost:) | SALT (69547) (qty:3.0000 G 0.0000% | cost:) | EGG (69070) (qty:4.0000 PCS 0.0000% | cost:) | UHT MILK (69749) (qty:333.3300 G 0.0000% | cost:) | WHITE VINEGAR (69820) (qty:9.0000 ML 0.0000% | cost:) | VANILLA EXTRACT (69763) (qty:6.0000 G 0.0000% | cost:) | VEGETABLE OIL (69789) (qty:178.6600 ML 0.0000% | cost:) | COCOA POWDER (68961) (qty:104.3300 G 0.0000% | cost:) | CHOCOLATE MOUSSE (70581) (qty:1680.0000 G 0.0000% | cost:)"
"1080","CHOCOLATE SPONGE CAKE SLICE (69999)","","","18.00","PCS","₦ 14,815.82","₦ 823.10","823.10111111111","WHITE FLOUR (69815) (qty:670.0000 G 0.0000% | cost:) | GRANULATED SUGAR (68701) (qty:120.0000 G 0.0000% | cost:) | SALT (69547) (qty:9.0000 G 0.0000% | cost:) | WHITE VINEGAR (69820) (qty:18.0000 ML 0.0000% | cost:) | VANILLA EXTRACT (69763) (qty:18.0000 G 0.0000% | cost:) | VEGETABLE OIL (69789) (qty:536.0000 ML 0.0000% | cost:) | BUTTER CREAM (WIP) (70542) (qty:313.0000 G 0.0000% | cost:) | BAKING SODA (68754) (qty:18.0000 G 0.0000% | cost:) | COCOA POWDER (68961) (qty:313.0000 G 0.0000% | cost:) | BUTTER MILK (WIP) (70544) (qty:1000.0000 G 0.0000% | cost:)"
"1182","CHOCOLATE SAUCE PRODUCTION (70602)","WORK-IN-PROGRESS","","200.00","G","₦ 2,134.00","₦ 10.67","10.67","CHOCOLATE GLAZE (70445) (qty:200.0000 G 0.0000% | cost:)"
"986","CHOCOLATE OREO DOUGHNUT (69995)","DOUGHNUT","","51.00","PCS","₦ 6,675.80","₦ 130.90","130.89803921569","GRANULATED SUGAR (68701) (qty:400.0000 G 0.0000% | cost:) | MARGARINE BUTTER (PASTRY) (69317) (qty:200.0000 G 0.0000% | cost:) | SALT (69547) (qty:40.0000 G 0.0000% | cost:) | YEAST (69833) (qty:70.0000 G 0.0000% | cost:) | WHITE FLOUR (69815) (qty:2000.0000 G 0.0000% | cost:) | POWDERED MILK (69494) (qty:200.0000 G 0.0000% | cost:) | OREO POWDER (68967) (qty:190.0000 G 0.0000% | cost:) | egg production (70580) (qty:100.0000 G 0.0000% | cost:) | DOUGHNUT GLAZE (WIP) (70549) (qty:100.0000 G 0.0000% | cost:)"
"991","CHOCOLATE NUTELLA CROISSANT (69994)","CROISSANT","","36.00","PCS","₦ 32,107.66","₦ 891.88","891.87944444444","GRANULATED SUGAR (68701) (qty:230.0000 G 0.0000% | cost:) | UNSALTED BUTTER (69753) (qty:900.0000 G 0.0000% | cost:) | YEAST (69833) (qty:42.0000 G 0.0000% | cost:) | SALT (69547) (qty:36.0000 G 0.0000% | cost:) | HAZELNUT SPREAD (69219) (qty:144.0000 G 0.0000% | cost:) | POWDERED MILK (69494) (qty:60.0000 G 0.0000% | cost:) | WHITE FLOUR (69815) (qty:1875.0000 G 0.0000% | cost:)"
"1274","CHOCOLATE MOUSSE CAKE (70974)","PASTRY","","1.00","PCS","₦ 803.40","₦ 803.40","803.4","CHOCOLATE MOUSSE (70581) (qty:130.0000 G 0.0000% | cost:)"
"1167","CHOCOLATE MOUSSE (70581)","WIP","","2,240.00","G","₦ 19,367.50","₦ 8.65","8.6462053571429","DARK CHOCOLATE BLOCK (68928) (qty:700.0000 G 0.0000% | cost:) | EGG (69070) (qty:7.0000 PCS 0.0000% | cost:) | WHIPPING CREAM (69807) (qty:1000.0000 G 0.0000% | cost:) | GRANULATED SUGAR (68701) (qty:150.0000 G 0.0000% | cost:)"
"985","CHOCOLATE GLAZED DOUGHNUT (69992)","DOUGHNUT","","51.00","PCS","₦ 7,074.00","₦ 138.71","138.70588235294","GRANULATED SUGAR (68701) (qty:400.0000 G 0.0000% | cost:) | MARGARINE BUTTER (PASTRY) (69317) (qty:200.0000 G 0.0000% | cost:) | SALT (69547) (qty:40.0000 G 0.0000% | cost:) | YEAST (69833) (qty:70.0000 G 0.0000% | cost:) | CHOCOLATE GLAZE (70445) (qty:100.0000 G 0.0000% | cost:) | WHITE FLOUR (69815) (qty:2000.0000 G 0.0000% | cost:) | POWDERED MILK (69494) (qty:200.0000 G 0.0000% | cost:) | egg production (70580) (qty:100.0000 G 0.0000% | cost:)"
"1189","CHOCOLATE GLAZE (70445)","ICE CREAM","","1,580.00","G","₦ 27,670.00","₦ 17.51","17.512658227848","DARK CHOCOLATE BLOCK (68928) (qty:600.0000 G 0.0000% | cost:) | BOREHOLE WATER (70556) (qty:200.0000 G 0.0000% | cost:) | GRANULATED SUGAR (68701) (qty:60.0000 G 0.0000% | cost:) | WHIPPING CREAM (69807) (qty:300.0000 G 0.0000% | cost:) | GLUCOSE (69156) (qty:120.0000 G 0.0000% | cost:) | HAZELNUT SPREAD (69219) (qty:300.0000 G 0.0000% | cost:)"
"970","CHOCOLATE FUDGE AND CARAMEL (69991)","ICE CREAM","","1,235.00","PCS","₦ 41,780.25","₦ 33.83","33.83016194332","PASTA CARAMEL (69420) (qty:80.0000 G 0.0000% | cost:) | BASE ALBA (68768) (qty:1000.0000 G 0.0000% | cost:) | PASTA CREMA CACAO (69423) (qty:80.0000 G 0.0000% | cost:) | CHOCOLATE GLAZE (70445) (qty:75.0000 G 0.0000% | cost:) | SMALL ICE CREAM CUP (69586) (qty:10.0000 PCS 0.0000% | cost:) | TESTER SPOON (69653) (qty:10.0000 PKS 0.0000% | cost:)"
"1350","CHOCOLATE CUPCAKE (70776)","Cupcake","","1.00","PCS","₦ 14,815.82","₦ 14,815.82","14815.82","WHITE FLOUR (69815) (qty:670.0000 G 0.0000% | cost:) | GRANULATED SUGAR (68701) (qty:120.0000 G 0.0000% | cost:) | SALT (69547) (qty:9.0000 G 0.0000% | cost:) | WHITE VINEGAR (69820) (qty:18.0000 ML 0.0000% | cost:) | VANILLA EXTRACT (69763) (qty:18.0000 G 0.0000% | cost:) | VEGETABLE OIL (69789) (qty:536.0000 ML 0.0000% | cost:) | BUTTER CREAM (WIP) (70542) (qty:313.0000 G 0.0000% | cost:) | BAKING SODA (68754) (qty:18.0000 G 0.0000% | cost:) | COCOA POWDER (68961) (qty:313.0000 G 0.0000% | cost:) | BUTTER MILK (WIP) (70544) (qty:1000.0000 G 0.0000% | cost:)"
"1344","CHOCOLATE CHIPS BANANA BREAD (10)","BREAD","","9.00","PCS","₦ 9,970.20","₦ 1,107.80","1107.8","WHITE FLOUR (69815) (qty:770.0000 G 0.0000% | cost:) | GRANULATED SUGAR (68701) (qty:770.0000 G 0.0000% | cost:) | EGG (69070) (qty:8.0000 PCS 0.0000% | cost:) | GREEK YOUGHURT (69175) (qty:8.0000 G 0.0000% | cost:) | VEGETABLE OIL (69789) (qty:330.0000 ML 0.0000% | cost:) | BANANA FRUIT (68762) (qty:800.0000 G 0.0000% | cost:) | BAKING POWDER (68753) (qty:20.0000 G 0.0000% | cost:) | BAKING SODA (68754) (qty:25.0000 G 0.0000% | cost:) | SALT (69547) (qty:3.0000 G 0.0000% | cost:) | DARK CHOCOLATE CHIP (69037) (qty:450.0000 G 0.0000% | cost:)"
"1257","CHOCOLATE CHIP MILKSHAKE (70825)","Milkshakes","","1.00","CU","₦ 2,965.20","₦ 2,965.20","2965.2","DEATH BY CHOCOLATE GELATO (70067) (qty:100.0000 G 0.0000% | cost:) | DARK CHOCOLATE CHIP (69037) (qty:30.0000 G 0.0000% | cost:) | UHT MILK (69749) (qty:25.0000 G 0.0000% | cost:) | CONDENSED MILK (68980) (qty:30.0000 ML 0.0000% | cost:) | WHIPPING CREAM (69807) (qty:30.0000 G 0.0000% | cost:) | ICE (70436) (qty:120.0000 G 0.0000% | cost:)"
"1126","CHOCOLATE CHIP COOKIES (69988)","COOKIES","","9.00","PCS","₦ 8,969.26","₦ 996.58","996.58444444444","WHITE FLOUR (69815) (qty:310.0000 G 0.0000% | cost:) | GRANULATED SUGAR (68701) (qty:150.0000 G 0.0000% | cost:) | UNSALTED BUTTER (69753) (qty:225.0000 G 0.0000% | cost:) | EGG (69070) (qty:2.0000 PCS 0.0000% | cost:) | SALT (69547) (qty:6.0000 G 0.0000% | cost:) | BAKING SODA (68754) (qty:5.0000 G 0.0000% | cost:) | VANILLA EXTRACT (69763) (qty:5.0000 G 0.0000% | cost:) | BROWN SUGAR (68847) (qty:165.0000 G 0.0000% | cost:) | BAKING POWDER (68753) (qty:2.0000 G 0.0000% | cost:) | DARK CHOCOLATE CHIP (69037) (qty:250.0000 G 0.0000% | cost:)"
"1270","CHOCOLATE BUCHE DE NOEL (70969)","PASTRY","","8.00","PCS","₦ 12,539.80","₦ 1,567.48","1567.475","WHITE FLOUR (69815) (qty:900.0000 G 0.0000% | cost:) | GRANULATED SUGAR (68701) (qty:900.0000 G 0.0000% | cost:) | EGG (69070) (qty:36.0000 PCS 0.0000% | cost:) | UHT MILK (69749) (qty:90.0000 G 0.0000% | cost:) | VEGETABLE OIL (69789) (qty:90.0000 ML 0.0000% | cost:) | SALT (69547) (qty:6.0000 G 0.0000% | cost:) | VANILLA EXTRACT (69763) (qty:10.0000 G 0.0000% | cost:) | COCOA POWDER (68961) (qty:100.0000 G 0.0000% | cost:)"
"1168","CHOCOBISCOTTO GELATO (70582)","GELATO","","3,200.00","G","₦ 129,289.20","₦ 40.40","40.402875","BASE ALBA (68768) (qty:3000.0000 G 0.0000% | cost:) | CHOCOBISCOTTO (PASTA E74) (68924) (qty:240.0000 G 0.0000% | cost:) | VARIEGATO CHOCOBISCOTTO (69772) (qty:100.0000 G 0.0000% | cost:)"
"959","CHOCO RUM GELATO (69987)","ICE CREAM","","3,428.00","PCS","₦ 121,170.00","₦ 35.35","35.347141190198","VARIEGATO GUSTO WHISKY (69785) (qty:80.0000 G 0.0000% | cost:) | BASE ALBA (68768) (qty:3000.0000 G 0.0000% | cost:) | PASTA CHOCORUM (68944) (qty:240.0000 G 0.0000% | cost:)"
"962","CHOCO COCONUT GELATO (68607)","ICE CREAM","","3,082.00","CU","₦ 121,170.00","₦ 39.32","39.315379623621","BASE ALBA (68768) (qty:3000.0000 G 0.0000% | cost:) | VARIEGATO MECRAPH (70505) (qty:66.0000 CU 0.0000% | cost:) | MECRAPH GELATO (70202) (qty:240.0000 CU 0.0000% | cost:)"
"1002","CHICKEN WRAP (69983)","Bites","","10.00","PCS","₦ 9,288.45","₦ 928.85","928.845","LETTUCE (69294) (qty:10.0000 G 0.0000% | cost:) | FRESH TOMATOES (69122) (qty:40.0000 G 0.0000% | cost:) | BIG TORTILLA BREAD (68783) (qty:10.0000 PCS 0.0000% | cost:) | KETCHUP & MAYO (WIP) (70462) (qty:25.0000 G 0.0000% | cost:) | VEGETABLE OIL (69789) (qty:10.0000 ML 0.0000% | cost:) | MARINATED CHICKEN FILLET (WIP) (70460) (qty:80.0000 G 0.0000% | cost:) | GREEN BELL PEPPER (69177) (qty:40.0000 G 0.0000% | cost:)"
"1050","CHICKEN TENDER MIX (WIP) (70531)","CHICKEN","","539.00","G","₦ 2,087.09","₦ 3.87","3.8721521335807","WHITE FLOUR (69815) (qty:500.0000 G 0.0000% | cost:) | PAPRIKA (69407) (qty:7.0000 G 0.0000% | cost:) | ONION POWDER. (69387) (qty:7.0000 G 0.0000% | cost:) | RED CHILLI POWDER (69531) (qty:7.0000 G 0.0000% | cost:) | WHITE PEPPER POWDER. (69818) (qty:7.0000 G 0.0000% | cost:) | BLACK PEPPER POWDER (68816) (qty:3.0000 G 0.0000% | cost:) | SALT (69547) (qty:5.0000 G 0.0000% | cost:) | GARLIC POWDER (69132) (qty:7.0000 G 0.0000% | cost:)"
"1053","CHICKEN SAUSAGE (69981)","Side Pieces","","1.00","PCS","₦ 609.86","₦ 609.86","609.86","SAUSAGE (69559) (qty:2.0000 PCS 0.0000% | cost:) | VEGETABLE OIL (69789) (qty:10.0000 ML 0.0000% | cost:)"
"1141","CHICKEN SAUCE (WIP) (70560)","SAUCE","","4,000.00","G","₦ 22,587.05","₦ 5.65","5.6467625","CHICKEN FILLET (68910) (qty:3060.0000 G 0.0000% | cost:) | DARK SOY SAUCE (69040) (qty:10.0000 G 0.0000% | cost:) | LIGHT SOY SAUCE (69295) (qty:10.0000 G 0.0000% | cost:) | TUMERIC (71064) (qty:10.0000 G 0.0000% | cost:) | RED DRIED CHILI (71062) (qty:3.0000 G 0.0000% | cost:) | CELERY (68890) (qty:30.0000 G 0.0000% | cost:) | CAYENNE PEPPER (68889) (qty:2.0000 G 0.0000% | cost:) | BLACK PEPPER POWDER (68816) (qty:5.0000 G 0.0000% | cost:) | WHITE PEPPER POWDER. (69818) (qty:5.0000 G 0.0000% | cost:) | CARROT (68886) (qty:120.0000 G 0.0000% | cost:) | IRISH POTATO (69248) (qty:200.0000 G 0.0000% | cost:) | VEGETABLE OIL (69789) (qty:250.0000 ML 0.0000% | cost:) | ONIONS (69388) (qty:80.0000 G 0.0000% | cost:) | GINGER (69147) (qty:10.0000 G 0.0000% | cost:) | GARLIC (69131) (qty:10.0000 G 0.0000% | cost:) | SALT (69547) (qty:16.0000 G 0.0000% | cost:) | KNOR MAGGI (BEEF & CHICKEN) (70610) (qty:25.0000 G 0.0000% | cost:) | ONION POWDER. (69387) (qty:10.0000 G 0.0000% | cost:) | WHITE FLOUR (69815) (qty:80.0000 G 0.0000% | cost:) | PARMESSAN CHEESE (69410) (qty:10.0000 G 0.0000% | cost:) | SPRING ONIONS (69603) (qty:30.0000 G 0.0000% | cost:) | FRESH PEPPER (69121) (qty:70.0000 G 0.0000% | cost:)"
"1283","CHICKEN LOLLIPOP (69980)","Break fast","","1.00","PCS","₦ 1,853.60","₦ 1,853.60","1853.6","EGG (69070) (qty:1.0000 PCS 0.0000% | cost:) | PANKO BREAD CRUMBS (69401) (qty:50.0000 G 0.0000% | cost:) | TARTAR SAUCE (71034) (qty:70.0000 G 0.0000% | cost:) | VEGETABLE OIL FOR FRYING (71044) (qty:20.0000 G 0.0000% | cost:) | WHITE FLOUR (69815) (qty:30.0000 G 0.0000% | cost:) | MARINATED CHICKEN WINGS (71031) (qty:300.0000 G 0.0000% | cost:)"
"1100","CHICKEN KEEBAB (WIP) (70487)","WORK-IN-PROGRESS","","2.00","PORTION","₦ 1,102.60","₦ 551.30","551.3","MARINATED CHICKEN FILLET (WIP) (70460) (qty:150.0000 G 0.0000% | cost:) | TOMATO KETCHUP (69671) (qty:20.0000 G 0.0000% | cost:) | MAYONNAISE (69328) (qty:20.0000 G 0.0000% | cost:) | DIJON MUSTARD (69051) (qty:10.0000 G 0.0000% | cost:)"
"995","CHICKEN FRIAND (69978)","PASTRY","","12.00","PCS","₦ 8,375.20","₦ 697.93","697.93333333333","SALT (69547) (qty:10.0000 G 0.0000% | cost:) | PUFF PASTRY MARGARINE (69502) (qty:375.0000 G 0.0000% | cost:) | CHICKEN SAUCE (WIP) (70560) (qty:960.0000 G 0.0000% | cost:) | WHITE FLOUR (69815) (qty:500.0000 G 0.0000% | cost:)"
"1280","CHICKEN ALFREDO PIZZA (71024)","Breakfast & Brunch","","1.00","PORTION","₦ 5,782.00","₦ 5,782.00","5782","WHITE SAUCE (WIP) (70455) (qty:100.0000 G 0.0000% | cost:) | BELL PEPPER (68776) (qty:20.0000 G 0.0000% | cost:) | UNSALTED BUTTER (69753) (qty:10.0000 G 0.0000% | cost:) | ONIONS (69388) (qty:10.0000 G 0.0000% | cost:) | GARLIC (69131) (qty:5.0000 G 0.0000% | cost:) | MOZZARELLA CHEESE (69357) (qty:80.0000 G 0.0000% | cost:) | MARINATED CHICKEN FILLET (WIP) (70460) (qty:120.0000 G 0.0000% | cost:) | VEGETABLE OIL FOR FRYING (71044) (qty:20.0000 G 0.0000% | cost:) | PARMESSAN CHEESE (69410) (qty:20.0000 G 0.0000% | cost:) | PIZZA DOUGH 02 (WIP) (71025) (qty:280.0000 G 0.0000% | cost:)"
"1027","CHEESY BEEF PESTO MELT (69974)","Sandwich","","1.00","G","₦ 102,781.18","₦ 102,781.18","102781.18","SEASONED BEEF (70472) (qty:100.0000 G 0.0000% | cost:) | PESTO SAUCE (69457) (qty:40.0000 G 0.0000% | cost:) | CUCUMBER (69026) (qty:10.0000 G 0.0000% | cost:) | FRESH TOMATOES (69122) (qty:40.0000 G 0.0000% | cost:) | MOZZARELLA CHEESE (69357) (qty:50.0000 G 0.0000% | cost:) | LETTUCE (69294) (qty:10.0000 G 0.0000% | cost:) | UNSALTED BUTTER (69753) (qty:30.0000 G 0.0000% | cost:) | ONIONS (69388) (qty:20.0000 G 0.0000% | cost:) | VEGETABLE OIL (69789) (qty:20.0000 ML 0.0000% | cost:) | LOAF BREAD (WIP) (70454) (qty:4.0000 PCS 0.0000% | cost:)"
"990","CHEESE CROISSANT (69973)","CROISSANT","","36.00","PCS","₦ 41,447.50","₦ 1,151.32","1151.3194444444","GRANULATED SUGAR (68701) (qty:230.0000 G 0.0000% | cost:) | UNSALTED BUTTER (69753) (qty:900.0000 G 0.0000% | cost:) | YEAST (69833) (qty:42.0000 G 0.0000% | cost:) | SALT (69547) (qty:36.0000 G 0.0000% | cost:) | EMMENTAL CHEESE (69076) (qty:180.0000 G 0.0000% | cost:) | MOZZARELLA CHEESE (69357) (qty:180.0000 G 0.0000% | cost:) | POWDERED MILK (69494) (qty:60.0000 G 0.0000% | cost:) | WHITE FLOUR (69815) (qty:1875.0000 G 0.0000% | cost:)"
"1071","CHARGRILLED PRAWNS (69972)","Side Attractions","","1.00","PCS","₦ 516.40","₦ 516.40","516.4","SEASONED PRWANS (WIP) (70467) (qty:1.0000 PORTION 0.0000% | cost:) | VEGETABLE OIL (69789) (qty:20.0000 ML 0.0000% | cost:) | UNSALTED BUTTER (69753) (qty:20.0000 G 0.0000% | cost:)"
"861","CHAPMAN (69971)","Mellowtails","","1.00","PCS","₦ 2,541.10","₦ 2,541.10","2541.1","PLASTIC FANTA (69476) (qty:50.0000 ML 0.0000% | cost:) | PLASTIC SPRITE (69484) (qty:50.0000 ML 0.0000% | cost:) | PLASTIC TEEM SODA (69487) (qty:150.0000 ML 0.0000% | cost:) | GRENADINE (69183) (qty:50.0000 ML 0.0000% | cost:) | MIX TO DRINK BLACK CURRANT (69347) (qty:50.0000 G 0.0000% | cost:) | LEMON (69290) (qty:50.0000 G 0.0000% | cost:) | CUCUMBER (69026) (qty:10.0000 G 0.0000% | cost:)"
"1252","CHAI TEA LATTE MILKSHAKE (70801)","DRINK","","1.00","CU","₦ 6,632.58","₦ 6,632.58","6632.575","UHT MILK (69749) (qty:25.0000 G 0.0000% | cost:) | COFFEE GELATO (70019) (qty:100.0000 CU 0.0000% | cost:) | WHIPPING CREAM (69807) (qty:30.0000 G 0.0000% | cost:) | TWINNING CHAI TEA (69738) (qty:1.0000 TB 0.0000% | cost:) | ICE (70436) (qty:120.0000 G 0.0000% | cost:) | CINNAMON POWDER (68947) (qty:3.7500 G 0.0000% | cost:)"
"879","CELESTIAL FRUIT TEA (68892)","TEA","","1.00","TB","₦ 50.00","₦ 50.00","50","CELESTIAL FRUIT TEA (68892) (qty:1.0000 TB 0.0000% | cost:) | C-WAY WATER (69034) (qty:500.0000 ML 0.0000% | cost:)"
"1201","CARROT CHEESE CAKE (69965)","","","16.00","PCS","₦ 21,085.76","₦ 1,317.86","1317.859875","CREAM CHEESE (69013) (qty:633.6000 G 0.0000% | cost:) | GRANULATED SUGAR (68701) (qty:309.6000 G 0.0000% | cost:) | EGG (69070) (qty:2.0000 PCS 0.0000% | cost:) | WHIPPING CREAM (69807) (qty:218.7000 G 0.0000% | cost:) | VANILLA EXTRACT (69763) (qty:5.0000 G 0.0000% | cost:) | UNSALTED BUTTER (69753) (qty:100.0000 G 0.0000% | cost:) | CORN FLOUR (68994) (qty:25.0000 G 0.0000% | cost:) | DIGESTIVE BISCUIT (69049) (qty:396.0000 G 0.0000% | cost:) | 10 INCHES CARROT CAKE (WIP) (72324) (qty:0.5000 PCS 0.0000% | cost:) | CREAM CHEESE ICING (WIP) (70543) (qty:150.0000 G 0.0000% | cost:)"
"967","CARAMEL WAFER COOKIES GELATO (69964)","ICE CREAM","","2,792.00","G","₦ 116,659.28","₦ 41.78","41.78340974212","BASE ALBA (68768) (qty:2792.0000 G 0.0000% | cost:) | CRIC & CROC BISCUIT (69019) (qty:120.0000 G 0.0000% | cost:) | COOKIES THE ORIGINAL (68985) (qty:0.0000 G 0.0000% | cost:) | VARIEGATO WAFERS (69784) (qty:0.0000 G 0.0000% | cost:)"
"1129","CARAMEL SAUCE (68880)","TOPPING","","640.00","ML","₦ 4,183.00","₦ 6.54","6.5359375","GRANULATED SUGAR (68701) (qty:500.0000 G 0.0000% | cost:) | WHIPPING CREAM (69807) (qty:300.0000 G 0.0000% | cost:) | UNSALTED BUTTER (69753) (qty:30.0000 G 0.0000% | cost:) | VANILLA EXTRACT (69763) (qty:3.0000 G 0.0000% | cost:)"
"1263","CARAMEL POPCORN (68656)","POPCORN","","4.00","PCS","₦ 1,153.80","₦ 288.45","288.45","RAW CORN (69523) (qty:200.0000 G 0.0000% | cost:) | GRANULATED SUGAR (68701) (qty:80.0000 G 0.0000% | cost:) | MARGARINE BUTTER (PASTRY) (69317) (qty:80.0000 G 0.0000% | cost:) | VEGETABLE OIL (69789) (qty:90.0000 ML 0.0000% | cost:) | GLAZE CARAMEL (69154) (qty:70.0000 G 0.0000% | cost:)"
"1130","CARAMEL NUT (WIP) (70548)","PASTRY INGREDIENT","","950.00","G","₦ 2,825.00","₦ 2.97","2.9736842105263","GRANULATED SUGAR (68701) (qty:500.0000 G 0.0000% | cost:) | GROUNDNUT (69184) (qty:500.0000 G 0.0000% | cost:)"
"1237","CARAMEL MATCHA ICE WITH OAT OR ALMOND (70743)","COFFEE","","1.00","G","₦ 1,464.70","₦ 1,464.70","1464.7","MATCHA POWDER (69325) (qty:4.0000 G 0.0000% | cost:) | CARAMEL SAUCE (68880) (qty:30.0000 ML 0.0000% | cost:) | CONDENSED MILK (68980) (qty:10.0000 ML 0.0000% | cost:) | OAT MILK (70722) (qty:200.0000 G 0.0000% | cost:)"
"1224","CARAMEL LATTE ALMOND MILK (70650)","Latte","","1.00","CP","₦ 1,692.00","₦ 1,692.00","1692","ALMOND MILK. (70596) (qty:200.0000 G 0.0000% | cost:)"
"830","CARAMEL LATTE (68655)","COFFEE","","1.00","CU","₦ 3,397.92","₦ 3,397.92","3397.92","COFFEE BEAN CAFFEINATED (69242) (qty:18.0000 G 0.0000% | cost:) | UHT MILK (69749) (qty:200.0000 G 0.0000% | cost:) | CARAMEL TOPPING (68882) (qty:100.0000 G 0.0000% | cost:) | CORNERSTORE BRANDED PAPER  COFFEE CUP (69003) (qty:1.0000 RO 0.0000% | cost:)"
"851","CARAMEL HOT CHOCOLATE (68606)","COFFEE","","1.00","PCS","₦ 2,882.00","₦ 2,882.00","2882","CONDENSED MILK (68980) (qty:10.0000 ML 0.0000% | cost:) | HOT CHOCOLATE (69228) (qty:20.0000 G 0.0000% | cost:) | UHT MILK (69749) (qty:350.0000 G 0.0000% | cost:) | CARAMEL TOPPING (68882) (qty:60.0000 G 0.0000% | cost:) | CORNERSTORE BRANDED PAPER  COFFEE CUP (69003) (qty:1.0000 RO 0.0000% | cost:)"
"1202","CARAMEL GELATO (69958)","ICE CREAM","","2,956.00","G","₦ 123,990.00","₦ 41.95","41.945196211096","BASE ALBA (68768) (qty:3000.0000 G 0.0000% | cost:) | PASTA CARAMEL (69420) (qty:100.0000 G 0.0000% | cost:) | SALTY CARAMEL CREME (69549) (qty:100.0000 G 0.0000% | cost:)"
"1086","CARAMEL CUPCAKE (69956)","CAKE","","5.00","PCS","₦ 2,158.21","₦ 431.64","431.642","FLOUR (68700) (qty:64.0000 G 0.0000% | cost:) | GRANULATED SUGAR (68701) (qty:95.0000 G 0.0000% | cost:) | EGG (69070) (qty:1.0000 PCS 0.0000% | cost:) | VEGETABLE OIL (69789) (qty:25.0000 ML 0.0000% | cost:) | BAKING POWDER (68753) (qty:1.0000 G 0.0000% | cost:) | BAKING SODA (68754) (qty:1.0000 G 0.0000% | cost:) | SALT (69547) (qty:1.0000 G 0.0000% | cost:) | VANILLA EXTRACT (69763) (qty:2.0000 G 0.0000% | cost:) | UHT MILK (69749) (qty:53.0000 G 0.0000% | cost:) | BUTTER CREAM CHOCOLATE FILLING (WIP) (70545) (qty:100.0000 G 0.0000% | cost:) | CARAMEL SAUCE (68880) (qty:40.0000 ML 0.0000% | cost:)"
"1128","CARAMEL CROISSANT (69955)","CROISSANT","","36.00","PCS","₦ 25,733.98","₦ 714.83","714.83277777778","GRANULATED SUGAR (68701) (qty:230.0000 G 0.0000% | cost:) | UNSALTED BUTTER (69753) (qty:900.0000 G 0.0000% | cost:) | YEAST (69833) (qty:42.0000 G 0.0000% | cost:) | SALT (69547) (qty:36.0000 G 0.0000% | cost:) | WHITE FLOUR (69815) (qty:1875.0000 G 0.0000% | cost:) | CARAMEL NUT (WIP) (70548) (qty:216.0000 G 0.0000% | cost:) | CARAMEL SAUCE (68880) (qty:360.0000 ML 0.0000% | cost:)"
"1092","CARAMEL CHEESE CAKE (69954)","CAKE","","30.00","PCS","₦ 54,045.00","₦ 1,801.50","1801.5","CREAM CHEESE (69013) (qty:1000.0000 G 0.0000% | cost:) | GRANULATED SUGAR (68701) (qty:400.0000 G 0.0000% | cost:) | CARAMEL SAUCE (68880) (qty:500.0000 ML 0.0000% | cost:) | WHIPPING CREAM (69807) (qty:1700.0000 G 0.0000% | cost:) | GELATINE LEAF (69138) (qty:96.0000 G 0.0000% | cost:) | DIGESTIVE BISCUIT (69049) (qty:600.0000 G 0.0000% | cost:)"
"1232","CARAMEL CHAI WITH OAT OR ALMOND MILK (70736)","COFFEE","","1.00","G","₦ 3,268.00","₦ 3,268.00","3268","CHAI POWDER (70745) (qty:30.0000 G 0.0000% | cost:) | COFFEE BEAN DECAF (69243) (qty:16.0000 G 0.0000% | cost:) | CARAMEL FLAVOUR SYRUP (68883) (qty:15.0000 G 0.0000% | cost:) | OAT MILK (70722) (qty:200.0000 G 0.0000% | cost:)"
"976","CARAMEL BLONDIES GELATO (68652)","ICE CREAM","","2,505.00","G","₦ 100,975.00","₦ 40.31","40.309381237525","BASE ALBA (68768) (qty:2500.0000 G 0.0000% | cost:) | COPERTURA BIANCO VANIGLA (WHITE CHOCOLATE COATING VANILLA) T01 (68988) (qty:500.0000 G 0.0000% | cost:) | PASTA CARAMEL (69420) (qty:100.0000 G 0.0000% | cost:)"
"1347","CAPUCCINO OAT MILK (70653)","COFFEE","","1.00","CP","₦ 1,997.72","₦ 1,997.72","1997.72","COFFEE BEAN CAFFEINATED (69242) (qty:18.0000 G 0.0000% | cost:) | OAT MILK (70722) (qty:200.0000 G 0.0000% | cost:) | C-WAY WATER (69034) (qty:18.0000 ML 0.0000% | cost:)"
"1356","CAPPUCINO ALMOND MILK (70652)","COFFEE","","1.00","CP","₦ 2,010.53","₦ 2,010.53","2010.528","COFFEE BEAN CAFFEINATED (69242) (qty:16.2000 G 0.0000% | cost:) | C-WAY WATER (69034) (qty:18.0000 ML 0.0000% | cost:) | ALMOND MILK. (70596) (qty:160.0000 G 0.0000% | cost:)"
"1194","CAPPUCCINO COFFEE (69949)","COFFEE","","1.00","CU","₦ 806.93","₦ 806.93","806.928","COFFEE BEAN CAFFEINATED (69242) (qty:16.2000 G 0.0000% | cost:) | UHT MILK (69749) (qty:50.0000 G 0.0000% | cost:) | C-WAY WATER (69034) (qty:18.0000 ML 0.0000% | cost:)"